{
    "profile_data": {
        "biography": "FASHION & GRAPHIC DESIGNER | HOME DECOR\n\ud83d\udc69\u200d\ud83d\udcbb | @mischler_webdesign | @bygaris | @pinksugar.id\n\ud83e\udde0 | Synesthetes (Chromesthesia)\n\ud83d\udccd | Mannheim and Jakarta",
        "full_name": "\ud83c\uddee\ud83c\udde9 Aiya Adams \ud83c\udde9\ud83c\uddea",
        "business_email": null,
        "category_name": "Design & fashion",
        "is_private": false,
        "is_verified": false,
        "profile_pic_url": "https://instagram.fmxp12-1.fna.fbcdn.net/v/t51.2885-19/273566553_1074939683238621_2043345527873526665_n.jpg?stp=dst-jpg_s150x150&_nc_ht=instagram.fmxp12-1.fna.fbcdn.net&_nc_cat=109&_nc_ohc=RBu3_8VhwoEAX-GJu-I&edm=ABfd0MgBAAAA&ccb=7-4&oh=00_AT-CM6HBMkYLc0HHqdlKW6jgkqAsdgNGk-nqH-CGvaEeBw&oe=6270A3E7&_nc_sid=7bff83",
        "profile_pic_url_hd": "https://instagram.fmxp12-1.fna.fbcdn.net/v/t51.2885-19/273566553_1074939683238621_2043345527873526665_n.jpg?stp=dst-jpg_s320x320&_nc_ht=instagram.fmxp12-1.fna.fbcdn.net&_nc_cat=109&_nc_ohc=RBu3_8VhwoEAX-GJu-I&edm=ABfd0MgBAAAA&ccb=7-4&oh=00_AT-o6_PUz0xXSFO2nzI1ZzE6z-Tt8vFB6qs_u-srke0dZA&oe=6270A3E7&_nc_sid=7bff83",
        "username": "aiyaadams",
        "connected_fb_page": null,
        "profile_posts": {
            "posts_count": 308,
            "posts": [
                {
                    "type": "Video",
                    "post_likes": 53,
                    "post_comments": 13,
                    "image_url": "https://instagram.fmxp12-1.fna.fbcdn.net/v/t51.2885-15/279309475_119190990746361_9104916992149722059_n.jpg?stp=dst-jpg_e15&_nc_ht=instagram.fmxp12-1.fna.fbcdn.net&_nc_cat=109&_nc_ohc=Ii5ZOWEQLj8AX_eXBKz&edm=ABfd0MgBAAAA&ccb=7-4&oh=00_AT91kRSnJIzGSGxYozrguV8bywEwFs_qNJLRTR0KG67UvA&oe=626C31D1&_nc_sid=7bff83",
                    "post_caption": "A quick stop at Domaine des Iles Park in Sion Switzerland. Take a break to enjoy their beautiful view after 5 hours driving from Mannheim, it really paid off \ud83e\udd24"
                },
                {
                    "type": "Video",
                    "post_likes": 91,
                    "post_comments": 15,
                    "image_url": "https://instagram.fmxp12-1.fna.fbcdn.net/v/t51.2885-15/279000876_4945397175538378_7774198010494201435_n.jpg?stp=dst-jpg_e15&_nc_ht=instagram.fmxp12-1.fna.fbcdn.net&_nc_cat=110&_nc_ohc=QLleNlmrQYIAX9sgmJD&edm=ABfd0MgBAAAA&ccb=7-4&oh=00_AT9TW342xKLmikz87ON1hEB36afSTAyHRGBCImmWoCRzNw&oe=626C120A&_nc_sid=7bff83",
                    "post_caption": "Let me show you some magic tricks \ud83e\uddda\u200d\u2640\ufe0f"
                },
                {
                    "type": "Video",
                    "post_likes": 226,
                    "post_comments": 32,
                    "image_url": "https://instagram.fmxp12-1.fna.fbcdn.net/v/t51.2885-15/278959928_517106613337737_6095389681006276783_n.jpg?stp=dst-jpg_e15&_nc_ht=instagram.fmxp12-1.fna.fbcdn.net&_nc_cat=109&_nc_ohc=GBJMsqcacecAX-jZdxm&edm=ABfd0MgBAAAA&ccb=7-4&oh=00_AT_WIgB3tE0U_mh3gb3LvMIQM0sdmw2B52_zqhGxom4jZw&oe=626C00D9&_nc_sid=7bff83",
                    "post_caption": "Not the biggest, but one of the most beautiful waterfall in Lauterbrunnen Valley \ud83c\udde8\ud83c\udded"
                },
                {
                    "type": "Video",
                    "post_likes": 139,
                    "post_comments": 4,
                    "image_url": "https://instagram.fmxp12-1.fna.fbcdn.net/v/t51.2885-15/278890733_3058996077686706_5422021456410038_n.jpg?stp=dst-jpg_e15&_nc_ht=instagram.fmxp12-1.fna.fbcdn.net&_nc_cat=106&_nc_ohc=qgsrD6JmJS4AX8gF93N&edm=ABfd0MgBAAAA&ccb=7-4&oh=00_AT9xwHMjynSYaUl5WnIf29da8cDiqlW2VIvWmorWEDXHMQ&oe=626C3DA5&_nc_sid=7bff83",
                    "post_caption": "Take us back to H\u00e8r\u00e8mence - Switzerland"
                },
                {
                    "type": "Video",
                    "post_likes": 184,
                    "post_comments": 18,
                    "image_url": "https://instagram.fmxp12-1.fna.fbcdn.net/v/t51.2885-15/278681393_406245530946749_3437225776044174961_n.jpg?stp=dst-jpg_e15&_nc_ht=instagram.fmxp12-1.fna.fbcdn.net&_nc_cat=105&_nc_ohc=cMkaR-V5xNgAX9VBkpu&edm=ABfd0MgBAAAA&ccb=7-4&oh=00_AT84YC_uwl2_m9qhq4uYRgzn62Hc_ECndhDA7uSmOokIlg&oe=626C1FAD&_nc_sid=7bff83",
                    "post_caption": "Beautiful river under Jungfrau valley - Switzerland \ud83c\udfde"
                },
                {
                    "type": "Image",
                    "post_likes": 123,
                    "post_comments": 7,
                    "image_url": "https://instagram.fmxp12-1.fna.fbcdn.net/v/t51.2885-15/278567467_921831541828073_700365070227664880_n.webp?stp=dst-jpg_e35_p1080x1080&_nc_ht=instagram.fmxp12-1.fna.fbcdn.net&_nc_cat=105&_nc_ohc=Cvhm9QU5xH0AX-yWsdK&edm=ABfd0MgBAAAA&ccb=7-4&oh=00_AT_dgHJj5uzWLxzYvYPzCmyWgeUe0l-eyVrjheIAfNIPEg&oe=6270DEA8&_nc_sid=7bff83",
                    "post_caption": "One day we will tell our grandchildren about our journey\ud83d\uddfc"
                },
                {
                    "type": "Video",
                    "post_likes": 103,
                    "post_comments": 14,
                    "image_url": "https://instagram.fmxp12-1.fna.fbcdn.net/v/t51.2885-15/277219230_1087511015140515_8884974000452907208_n.jpg?stp=dst-jpg_e15&_nc_ht=instagram.fmxp12-1.fna.fbcdn.net&_nc_cat=103&_nc_ohc=VnuAeXaRhxMAX8WjBfp&edm=ABfd0MgBAAAA&ccb=7-4&oh=00_AT9ZHoX47J-xpcKPkDHeW-Wl1rNuWIV8wx2qwKyhit_zAQ&oe=626C4C51&_nc_sid=7bff83",
                    "post_caption": "Shout out to my girls at @nyxhotelmannheim event \ud83d\ude0d @kristina_xxcitylover @karolinavenditti_muah @ninacampillo @soniasofianidou @carolin.kothmann\n.\nBeautiful art pieces by one and only @ajsinnadine"
                },
                {
                    "type": "Image",
                    "post_likes": 40,
                    "post_comments": 3,
                    "image_url": "https://instagram.fmxp12-1.fna.fbcdn.net/v/t51.2885-15/277240099_1007442466851031_7054336673309378543_n.webp?stp=dst-jpg_e35_s1080x1080&_nc_ht=instagram.fmxp12-1.fna.fbcdn.net&_nc_cat=107&_nc_ohc=Sv0mRLSOGn8AX88augI&edm=ABfd0MgBAAAA&ccb=7-4&oh=00_AT_0YY_aGOeFrEUFutGVi_zrf9bwj9zSDq_O6iLNs_6dhA&oe=6270C478&_nc_sid=7bff83",
                    "post_caption": "After weeks searching for a right Bar chairs (Barhocker) This is it \ud83d\ude0d\ud83d\ude0d !!! We found this guy and i...fell...inlove...at...the first sight \ud83d\ude0d love every imperfection details of it.\n.\n.\n.\n.\n.\n.\n#aiyaadams #aiyaadamsdesign #industrialdesign #industrialstyle #industrialdesign #industrialhome #industrialinterior #industrialdecor"
                },
                {
                    "type": "Image",
                    "post_likes": 163,
                    "post_comments": 5,
                    "image_url": "https://instagram.fmxp12-1.fna.fbcdn.net/v/t51.2885-15/275828288_5048625535214673_8661417292720204072_n.webp?stp=dst-jpg_e35_s1080x1080&_nc_ht=instagram.fmxp12-1.fna.fbcdn.net&_nc_cat=109&_nc_ohc=Tw4o4NReYhkAX-7-Bni&edm=ABfd0MgBAAAA&ccb=7-4&oh=00_AT8Q4qNC1tCj2HEgvaIgymEMSGIOv1NVSiwxJ18m2dsN9w&oe=6271265C&_nc_sid=7bff83",
                    "post_caption": "\ud83d\udc6d Good times and crazy friends make the best memories \ud83e\udd2a\n.\n.\n.\n.\n.\n.\n.\n#aiyaadams #bestfriends #friendshipquotes #friendship #friendshipgoals #jakarta #scbd"
                },
                {
                    "type": "Video",
                    "post_likes": 144,
                    "post_comments": 23,
                    "image_url": "https://instagram.fmxp12-1.fna.fbcdn.net/v/t51.2885-15/275737278_1125490554907228_3376150887655002659_n.jpg?stp=dst-jpg_e15&_nc_ht=instagram.fmxp12-1.fna.fbcdn.net&_nc_cat=104&_nc_ohc=HyKjiFG_EvoAX8by1Lv&edm=ABfd0MgBAAAA&ccb=7-4&oh=00_AT8vzCs2hUY908gj1Mfun1Hc26DVjD0wm0Cr4WYERNUPzw&oe=626C2CF3&_nc_sid=7bff83",
                    "post_caption": "After a long wait, we finally have our terrace renovated \ud83e\udd73\ud83e\udd73 Since we're pretty tight on budget \ud83e\udd2d we couldnt be able to hire an exterior designer, so..i have to design it my own (yes, was pain in the a**) \ud83d\ude48 so here is the result \ud83e\udd17 Not the best, but Im pretty satisfied of how it turned out \ud83e\udd70\n.\n.\n.\n.\n.\n#aiyaadams #aiyaadamsdesign #makeover #mannheimcity #mannheim #homedecor #rooftopgarden #rooftop #rooftopbar"
                },
                {
                    "type": "Image",
                    "post_likes": 173,
                    "post_comments": 7,
                    "image_url": "https://instagram.fmxp12-1.fna.fbcdn.net/v/t51.2885-15/275354134_1123908518359328_7971649543558436119_n.webp?stp=dst-jpg_e35_s1080x1080&_nc_ht=instagram.fmxp12-1.fna.fbcdn.net&_nc_cat=108&_nc_ohc=cpwLjUIqfQYAX-I8deu&edm=ABfd0MgBAAAA&ccb=7-4&oh=00_AT_kxlPsT38OkPSAZPKHPey9UKaJhaUxtSliCZ978em5tg&oe=6270601D&_nc_sid=7bff83",
                    "post_caption": "\"I do not have time for this, I do not have time for yewwwwwww\" kinda vibe \ud83d\ude06\ud83e\udd23 #inventinganna"
                },
                {
                    "type": "Image",
                    "post_likes": 33,
                    "post_comments": 1,
                    "image_url": "https://instagram.fmxp12-1.fna.fbcdn.net/v/t51.2885-15/275019243_166220379078310_2843056896091407154_n.webp?stp=dst-jpg_e35&_nc_ht=instagram.fmxp12-1.fna.fbcdn.net&_nc_cat=110&_nc_ohc=JjFKTcqyWfAAX8pBxDM&edm=ABfd0MgBAAAA&ccb=7-4&oh=00_AT_x6RvUyM_1slya32C6jppW8KJKfTCx37xwTfIA1fFEAw&oe=62702E1D&_nc_sid=7bff83",
                    "post_caption": "Not my chair, just aesthetically pleasing \ud83e\udd24\n.\n.\n.\n.\n.\n.\n.\n.\n#aiyaadams #homedecor #furnituretrends #furnituretrend #homedecor #chair #stuhl #sessel"
                }
            ]
        },
        "total_followers": 41184,
        "total_following": 1372,
        "profile_email": "info@aiyaadams.com",
        "profile_location_continent": "Europe",
        "profile_location_country": "Germany",
        "profile_topics": "fashion, beauty, adult"
    }
}